{
    "type": "bubble",
    "header": {
        "type": "box",
        "layout": "vertical",
        "contents": [{
            "type": "text",
            "text": "Data Provinsi",
            "weight": "bold",
            "size": "xl",
            "color": "#FFFFFF"
        }],
        "backgroundColor": "#007bff"
    },
    "body": {
        "type": "box",
        "layout": "vertical",
        "spacing": "sm",
        "contents": [{
                "type": "button",
                "style": "link",
                "height": "sm",
                "action": {
                    "type": "postback",
                    "label": "Banten",
                    "data": "data=prov_banten",
                    "displayText": "Provinsi"
                }
            },
            {
                "type": "button",
                "action": {
                    "type": "postback",
                    "label": "Daerah Istimewa Yogyakarta",
                    "data": "data=prov_diy",
                    "displayText": "Daerah Istimewa Yogyakarta"
                }
            },
            {
                "type": "button",
                "style": "link",
                "height": "sm",
                "action": {
                    "type": "postback",
                    "label": "DKI Jakarta",
                    "data": "data=prov_dki_jakarta",
                    "displayText": "DKI Jakarta"
                }
            },
            {
                "type": "button",
                "action": {
                    "type": "postback",
                    "label": "Jawa Barat",
                    "data": "data=prov_jawa_barat",
                    "displayText": "Jawa Barat"
                }
            },
            {
                "type": "button",
                "action": {
                    "type": "postback",
                    "label": "Jawa Tengah",
                    "data": "data=prov_jawa_tengah",
                    "displayText": "Jawa Tengah"
                }
            },
            {
                "type": "button",
                "action": {
                    "type": "postback",
                    "label": "Jawa Timur",
                    "data": "data=prov_jawa_timur",
                    "displayText": "Jawa Timur"
                }
            }
        ]
    }
}