{
    "type": "bubble",
    "header": {
        "type": "box",
        "layout": "vertical",
        "contents": [{
            "type": "text",
            "text": "Kudus",
            "weight": "bold",
            "size": "xl",
            "color": "#FFFFFF"
        }],
        "backgroundColor": "#007bff"
    },
    "body": {
        "type": "box",
        "layout": "vertical",
        "contents": [{
                "type": "box",
                "layout": "horizontal",
                "contents": [{
                        "type": "text",
                        "text": "Positif"
                    },
                    {
                        "type": "text",
                        "text": "12.345"
                    }
                ]
            },
            {
                "type": "box",
                "layout": "horizontal",
                "contents": [{
                        "type": "text",
                        "text": "Sembuh"
                    },
                    {
                        "type": "text",
                        "text": "10.233"
                    }
                ]
            },
            {
                "type": "box",
                "layout": "horizontal",
                "contents": [{
                        "type": "text",
                        "text": "Meninggal"
                    },
                    {
                        "type": "text",
                        "text": "324"
                    }
                ]
            },
            {
                "type": "box",
                "layout": "horizontal",
                "contents": [{
                        "type": "text",
                        "text": "Dirawat"
                    },
                    {
                        "type": "text",
                        "text": "1.000"
                    }
                ]
            }
        ]
    }
}