{
    "type": "bubble",
    "header": {
        "type": "box",
        "layout": "vertical",
        "contents": [{
            "type": "text",
            "text": "Data Covid-19",
            "weight": "bold",
            "size": "xl",
            "color": "#FFFFFF"
        }],
        "backgroundColor": "#007bff"
    },
    "body": {
        "type": "box",
        "layout": "vertical",
        "spacing": "sm",
        "contents": [{
                "type": "button",
                "style": "link",
                "height": "sm",
                "action": {
                    "type": "postback",
                    "label": "Indonesia",
                    "data": "data=indonesia",
                    "displayText": "Indonesia"
                }
            },
            {
                "type": "button",
                "style": "link",
                "height": "sm",
                "action": {
                    "type": "postback",
                    "label": "Provinsi",
                    "data": "data=provinsi",
                    "displayText": "Provinsi"
                }
            },
            {
                "type": "button",
                "action": {
                    "type": "postback",
                    "label": "Kabupaten/Kota",
                    "data": "data=kabupatenkota",
                    "displayText": "Kabupaten/Kota"
                }
            }
        ]
    }
}