{
    "type": "bubble",
    "header": {
        "type": "box",
        "layout": "vertical",
        "contents": [{
            "type": "text",
            "text": "Data Kabupaten/Kota",
            "weight": "bold",
            "size": "xl",
            "color": "#FFFFFF"
        }],
        "backgroundColor": "#007bff"
    },
    "body": {
        "type": "box",
        "layout": "vertical",
        "spacing": "sm",
        "contents": [{
                "type": "button",
                "style": "link",
                "height": "sm",
                "action": {
                    "type": "postback",
                    "label": "Kudus",
                    "data": "data=kab_kudus",
                    "displayText": "Kudus"
                }
            },
            {
                "type": "button",
                "action": {
                    "type": "postback",
                    "label": "Pati",
                    "data": "data=kab_pati",
                    "displayText": "Pati"
                }
            }
        ]
    }
}